objectid,cross,object_location,image_small,image_thumb
01-01-037,,https://latahcountyhistory.sfo3.digitaloceanspaces.com/moscow/01-01-037.jpg,https://latahcountyhistory.sfo3.digitaloceanspaces.com/moscow/small/01-01-037_sm.jpg,https://latahcountyhistory.sfo3.digitaloceanspaces.com/moscow/thumbs/01-01-037_th.jpg
01-01-038,,https://latahcountyhistory.sfo3.digitaloceanspaces.com/moscow/01-01-038.jpg,https://latahcountyhistory.sfo3.digitaloceanspaces.com/moscow/small/01-01-038_sm.jpg,https://latahcountyhistory.sfo3.digitaloceanspaces.com/moscow/thumbs/01-01-038_th.jpg
01-01-039,,https://latahcountyhistory.sfo3.digitaloceanspaces.com/moscow/01-01-039.jpg,https://latahcountyhistory.sfo3.digitaloceanspaces.com/moscow/small/01-01-039_sm.jpg,https://latahcountyhistory.sfo3.digitaloceanspaces.com/moscow/thumbs/01-01-039_th.jpg
01-01-040,,https://latahcountyhistory.sfo3.digitaloceanspaces.com/moscow/01-01-040.jpg,https://latahcountyhistory.sfo3.digitaloceanspaces.com/moscow/small/01-01-040_sm.jpg,https://latahcountyhistory.sfo3.digitaloceanspaces.com/moscow/thumbs/01-01-040_th.jpg
01-01-041,,https://latahcountyhistory.sfo3.digitaloceanspaces.com/moscow/01-01-041.jpg,https://latahcountyhistory.sfo3.digitaloceanspaces.com/moscow/small/01-01-041_sm.jpg,https://latahcountyhistory.sfo3.digitaloceanspaces.com/moscow/thumbs/01-01-041_th.jpg
01-01-042,,https://latahcountyhistory.sfo3.digitaloceanspaces.com/moscow/01-01-042.jpg,https://latahcountyhistory.sfo3.digitaloceanspaces.com/moscow/small/01-01-042_sm.jpg,https://latahcountyhistory.sfo3.digitaloceanspaces.com/moscow/thumbs/01-01-042_th.jpg
01-02-007-002,,https://latahcountyhistory.sfo3.digitaloceanspaces.com/moscow/01-02-007-002.jpg,https://latahcountyhistory.sfo3.digitaloceanspaces.com/moscow/small/01-02-007-002_sm.jpg,https://latahcountyhistory.sfo3.digitaloceanspaces.com/moscow/thumbs/01-02-007-002_th.jpg
01-02-067,,https://latahcountyhistory.sfo3.digitaloceanspaces.com/moscow/01-02-067.jpg,https://latahcountyhistory.sfo3.digitaloceanspaces.com/moscow/small/01-02-067_sm.jpg,https://latahcountyhistory.sfo3.digitaloceanspaces.com/moscow/thumbs/01-02-067_th.jpg
01-02-129-02,,https://latahcountyhistory.sfo3.digitaloceanspaces.com/moscow/01-02-129-02.jpg,https://latahcountyhistory.sfo3.digitaloceanspaces.com/moscow/small/01-02-129-02_sm.jpg,https://latahcountyhistory.sfo3.digitaloceanspaces.com/moscow/thumbs/01-02-129-02_th.jpg
01-02-205-2,,https://latahcountyhistory.sfo3.digitaloceanspaces.com/moscow/01-02-205-2.jpg,https://latahcountyhistory.sfo3.digitaloceanspaces.com/moscow/small/01-02-205-2_sm.jpg,https://latahcountyhistory.sfo3.digitaloceanspaces.com/moscow/thumbs/01-02-205-2_th.jpg
01-02-308-01,,https://latahcountyhistory.sfo3.digitaloceanspaces.com/moscow/01-02-308-01.jpg,https://latahcountyhistory.sfo3.digitaloceanspaces.com/moscow/small/01-02-308-01_sm.jpg,https://latahcountyhistory.sfo3.digitaloceanspaces.com/moscow/thumbs/01-02-308-01_th.jpg
01-02-308-02,,https://latahcountyhistory.sfo3.digitaloceanspaces.com/moscow/01-02-308-02.jpg,https://latahcountyhistory.sfo3.digitaloceanspaces.com/moscow/small/01-02-308-02_sm.jpg,https://latahcountyhistory.sfo3.digitaloceanspaces.com/moscow/thumbs/01-02-308-02_th.jpg
01-02-309 (2),,https://latahcountyhistory.sfo3.digitaloceanspaces.com/moscow/01-02-309 (2).jpg,https://latahcountyhistory.sfo3.digitaloceanspaces.com/moscow/small/01-02-309 (2)_sm.jpg,https://latahcountyhistory.sfo3.digitaloceanspaces.com/moscow/thumbs/01-02-309 (2)_th.jpg
01-03-011-01,,https://latahcountyhistory.sfo3.digitaloceanspaces.com/moscow/01-03-011-01.jpg,https://latahcountyhistory.sfo3.digitaloceanspaces.com/moscow/small/01-03-011-01_sm.jpg,https://latahcountyhistory.sfo3.digitaloceanspaces.com/moscow/thumbs/01-03-011-01_th.jpg
01-03-011-03,,https://latahcountyhistory.sfo3.digitaloceanspaces.com/moscow/01-03-011-03.jpg,https://latahcountyhistory.sfo3.digitaloceanspaces.com/moscow/small/01-03-011-03_sm.jpg,https://latahcountyhistory.sfo3.digitaloceanspaces.com/moscow/thumbs/01-03-011-03_th.jpg
01-03-450,,https://latahcountyhistory.sfo3.digitaloceanspaces.com/moscow/01-03-450.jpg,https://latahcountyhistory.sfo3.digitaloceanspaces.com/moscow/small/01-03-450_sm.jpg,https://latahcountyhistory.sfo3.digitaloceanspaces.com/moscow/thumbs/01-03-450_th.jpg
01-03-452,,https://latahcountyhistory.sfo3.digitaloceanspaces.com/moscow/01-03-452.jpg,https://latahcountyhistory.sfo3.digitaloceanspaces.com/moscow/small/01-03-452_sm.jpg,https://latahcountyhistory.sfo3.digitaloceanspaces.com/moscow/thumbs/01-03-452_th.jpg
01-03-458-01,,https://latahcountyhistory.sfo3.digitaloceanspaces.com/moscow/01-03-458-01.jpg,https://latahcountyhistory.sfo3.digitaloceanspaces.com/moscow/small/01-03-458-01_sm.jpg,https://latahcountyhistory.sfo3.digitaloceanspaces.com/moscow/thumbs/01-03-458-01_th.jpg
01-03-458-02,,https://latahcountyhistory.sfo3.digitaloceanspaces.com/moscow/01-03-458-02.jpg,https://latahcountyhistory.sfo3.digitaloceanspaces.com/moscow/small/01-03-458-02_sm.jpg,https://latahcountyhistory.sfo3.digitaloceanspaces.com/moscow/thumbs/01-03-458-02_th.jpg
01-03-458-03,,https://latahcountyhistory.sfo3.digitaloceanspaces.com/moscow/01-03-458-03.jpg,https://latahcountyhistory.sfo3.digitaloceanspaces.com/moscow/small/01-03-458-03_sm.jpg,https://latahcountyhistory.sfo3.digitaloceanspaces.com/moscow/thumbs/01-03-458-03_th.jpg
01-03-512,,https://latahcountyhistory.sfo3.digitaloceanspaces.com/moscow/01-03-512.jpg,https://latahcountyhistory.sfo3.digitaloceanspaces.com/moscow/small/01-03-512_sm.jpg,https://latahcountyhistory.sfo3.digitaloceanspaces.com/moscow/thumbs/01-03-512_th.jpg
01-03-522-A,,https://latahcountyhistory.sfo3.digitaloceanspaces.com/moscow/01-03-522-A.jpg,https://latahcountyhistory.sfo3.digitaloceanspaces.com/moscow/small/01-03-522-a_sm.jpg,https://latahcountyhistory.sfo3.digitaloceanspaces.com/moscow/thumbs/01-03-522-a_th.jpg
01-03-522-B,,https://latahcountyhistory.sfo3.digitaloceanspaces.com/moscow/01-03-522-B.jpg,https://latahcountyhistory.sfo3.digitaloceanspaces.com/moscow/small/01-03-522-b_sm.jpg,https://latahcountyhistory.sfo3.digitaloceanspaces.com/moscow/thumbs/01-03-522-b_th.jpg
01-03-544,,https://latahcountyhistory.sfo3.digitaloceanspaces.com/moscow/01-03-544.jpg,https://latahcountyhistory.sfo3.digitaloceanspaces.com/moscow/small/01-03-544_sm.jpg,https://latahcountyhistory.sfo3.digitaloceanspaces.com/moscow/thumbs/01-03-544_th.jpg
01-03-583,,https://latahcountyhistory.sfo3.digitaloceanspaces.com/moscow/01-03-583.jpg,https://latahcountyhistory.sfo3.digitaloceanspaces.com/moscow/small/01-03-583_sm.jpg,https://latahcountyhistory.sfo3.digitaloceanspaces.com/moscow/thumbs/01-03-583_th.jpg
01-03-584,,https://latahcountyhistory.sfo3.digitaloceanspaces.com/moscow/01-03-584.jpg,https://latahcountyhistory.sfo3.digitaloceanspaces.com/moscow/small/01-03-584_sm.jpg,https://latahcountyhistory.sfo3.digitaloceanspaces.com/moscow/thumbs/01-03-584_th.jpg
01-03-585,,https://latahcountyhistory.sfo3.digitaloceanspaces.com/moscow/01-03-585.jpg,https://latahcountyhistory.sfo3.digitaloceanspaces.com/moscow/small/01-03-585_sm.jpg,https://latahcountyhistory.sfo3.digitaloceanspaces.com/moscow/thumbs/01-03-585_th.jpg
01-03-586,,https://latahcountyhistory.sfo3.digitaloceanspaces.com/moscow/01-03-586.jpg,https://latahcountyhistory.sfo3.digitaloceanspaces.com/moscow/small/01-03-586_sm.jpg,https://latahcountyhistory.sfo3.digitaloceanspaces.com/moscow/thumbs/01-03-586_th.jpg
01-03-587,,https://latahcountyhistory.sfo3.digitaloceanspaces.com/moscow/01-03-587.jpg,https://latahcountyhistory.sfo3.digitaloceanspaces.com/moscow/small/01-03-587_sm.jpg,https://latahcountyhistory.sfo3.digitaloceanspaces.com/moscow/thumbs/01-03-587_th.jpg
01-03-588,,https://latahcountyhistory.sfo3.digitaloceanspaces.com/moscow/01-03-588.jpg,https://latahcountyhistory.sfo3.digitaloceanspaces.com/moscow/small/01-03-588_sm.jpg,https://latahcountyhistory.sfo3.digitaloceanspaces.com/moscow/thumbs/01-03-588_th.jpg
01-03-589,,https://latahcountyhistory.sfo3.digitaloceanspaces.com/moscow/01-03-589.jpg,https://latahcountyhistory.sfo3.digitaloceanspaces.com/moscow/small/01-03-589_sm.jpg,https://latahcountyhistory.sfo3.digitaloceanspaces.com/moscow/thumbs/01-03-589_th.jpg
01-03-590,,https://latahcountyhistory.sfo3.digitaloceanspaces.com/moscow/01-03-590.jpg,https://latahcountyhistory.sfo3.digitaloceanspaces.com/moscow/small/01-03-590_sm.jpg,https://latahcountyhistory.sfo3.digitaloceanspaces.com/moscow/thumbs/01-03-590_th.jpg
01-03-591,,https://latahcountyhistory.sfo3.digitaloceanspaces.com/moscow/01-03-591.jpg,https://latahcountyhistory.sfo3.digitaloceanspaces.com/moscow/small/01-03-591_sm.jpg,https://latahcountyhistory.sfo3.digitaloceanspaces.com/moscow/thumbs/01-03-591_th.jpg
01-03-592,,https://latahcountyhistory.sfo3.digitaloceanspaces.com/moscow/01-03-592.jpg,https://latahcountyhistory.sfo3.digitaloceanspaces.com/moscow/small/01-03-592_sm.jpg,https://latahcountyhistory.sfo3.digitaloceanspaces.com/moscow/thumbs/01-03-592_th.jpg
01-03-593,,https://latahcountyhistory.sfo3.digitaloceanspaces.com/moscow/01-03-593.jpg,https://latahcountyhistory.sfo3.digitaloceanspaces.com/moscow/small/01-03-593_sm.jpg,https://latahcountyhistory.sfo3.digitaloceanspaces.com/moscow/thumbs/01-03-593_th.jpg
01-03-594,,https://latahcountyhistory.sfo3.digitaloceanspaces.com/moscow/01-03-594.jpg,https://latahcountyhistory.sfo3.digitaloceanspaces.com/moscow/small/01-03-594_sm.jpg,https://latahcountyhistory.sfo3.digitaloceanspaces.com/moscow/thumbs/01-03-594_th.jpg
01-03-595,,https://latahcountyhistory.sfo3.digitaloceanspaces.com/moscow/01-03-595.jpg,https://latahcountyhistory.sfo3.digitaloceanspaces.com/moscow/small/01-03-595_sm.jpg,https://latahcountyhistory.sfo3.digitaloceanspaces.com/moscow/thumbs/01-03-595_th.jpg
01-03-596,,https://latahcountyhistory.sfo3.digitaloceanspaces.com/moscow/01-03-596.jpg,https://latahcountyhistory.sfo3.digitaloceanspaces.com/moscow/small/01-03-596_sm.jpg,https://latahcountyhistory.sfo3.digitaloceanspaces.com/moscow/thumbs/01-03-596_th.jpg
01-03-597,,https://latahcountyhistory.sfo3.digitaloceanspaces.com/moscow/01-03-597.jpg,https://latahcountyhistory.sfo3.digitaloceanspaces.com/moscow/small/01-03-597_sm.jpg,https://latahcountyhistory.sfo3.digitaloceanspaces.com/moscow/thumbs/01-03-597_th.jpg
01-03-598,,https://latahcountyhistory.sfo3.digitaloceanspaces.com/moscow/01-03-598.jpg,https://latahcountyhistory.sfo3.digitaloceanspaces.com/moscow/small/01-03-598_sm.jpg,https://latahcountyhistory.sfo3.digitaloceanspaces.com/moscow/thumbs/01-03-598_th.jpg
01-03-599,,https://latahcountyhistory.sfo3.digitaloceanspaces.com/moscow/01-03-599.jpg,https://latahcountyhistory.sfo3.digitaloceanspaces.com/moscow/small/01-03-599_sm.jpg,https://latahcountyhistory.sfo3.digitaloceanspaces.com/moscow/thumbs/01-03-599_th.jpg
01-03-609,,https://latahcountyhistory.sfo3.digitaloceanspaces.com/moscow/01-03-609.jpg,https://latahcountyhistory.sfo3.digitaloceanspaces.com/moscow/small/01-03-609_sm.jpg,https://latahcountyhistory.sfo3.digitaloceanspaces.com/moscow/thumbs/01-03-609_th.jpg
01-03-611,,https://latahcountyhistory.sfo3.digitaloceanspaces.com/moscow/01-03-611.jpg,https://latahcountyhistory.sfo3.digitaloceanspaces.com/moscow/small/01-03-611_sm.jpg,https://latahcountyhistory.sfo3.digitaloceanspaces.com/moscow/thumbs/01-03-611_th.jpg
01-03-612,,https://latahcountyhistory.sfo3.digitaloceanspaces.com/moscow/01-03-612.jpg,https://latahcountyhistory.sfo3.digitaloceanspaces.com/moscow/small/01-03-612_sm.jpg,https://latahcountyhistory.sfo3.digitaloceanspaces.com/moscow/thumbs/01-03-612_th.jpg
01-03-614,,https://latahcountyhistory.sfo3.digitaloceanspaces.com/moscow/01-03-614.jpg,https://latahcountyhistory.sfo3.digitaloceanspaces.com/moscow/small/01-03-614_sm.jpg,https://latahcountyhistory.sfo3.digitaloceanspaces.com/moscow/thumbs/01-03-614_th.jpg
01-03-615,,https://latahcountyhistory.sfo3.digitaloceanspaces.com/moscow/01-03-615.jpg,https://latahcountyhistory.sfo3.digitaloceanspaces.com/moscow/small/01-03-615_sm.jpg,https://latahcountyhistory.sfo3.digitaloceanspaces.com/moscow/thumbs/01-03-615_th.jpg
01-03-617,,https://latahcountyhistory.sfo3.digitaloceanspaces.com/moscow/01-03-617.jpg,https://latahcountyhistory.sfo3.digitaloceanspaces.com/moscow/small/01-03-617_sm.jpg,https://latahcountyhistory.sfo3.digitaloceanspaces.com/moscow/thumbs/01-03-617_th.jpg
01-03-619,,https://latahcountyhistory.sfo3.digitaloceanspaces.com/moscow/01-03-619.jpg,https://latahcountyhistory.sfo3.digitaloceanspaces.com/moscow/small/01-03-619_sm.jpg,https://latahcountyhistory.sfo3.digitaloceanspaces.com/moscow/thumbs/01-03-619_th.jpg
01-03-621,,https://latahcountyhistory.sfo3.digitaloceanspaces.com/moscow/01-03-621.jpg,https://latahcountyhistory.sfo3.digitaloceanspaces.com/moscow/small/01-03-621_sm.jpg,https://latahcountyhistory.sfo3.digitaloceanspaces.com/moscow/thumbs/01-03-621_th.jpg
01-03-623,,https://latahcountyhistory.sfo3.digitaloceanspaces.com/moscow/01-03-623.jpg,https://latahcountyhistory.sfo3.digitaloceanspaces.com/moscow/small/01-03-623_sm.jpg,https://latahcountyhistory.sfo3.digitaloceanspaces.com/moscow/thumbs/01-03-623_th.jpg
01-03-625,,https://latahcountyhistory.sfo3.digitaloceanspaces.com/moscow/01-03-625.jpg,https://latahcountyhistory.sfo3.digitaloceanspaces.com/moscow/small/01-03-625_sm.jpg,https://latahcountyhistory.sfo3.digitaloceanspaces.com/moscow/thumbs/01-03-625_th.jpg
01-03-627,,https://latahcountyhistory.sfo3.digitaloceanspaces.com/moscow/01-03-627.jpg,https://latahcountyhistory.sfo3.digitaloceanspaces.com/moscow/small/01-03-627_sm.jpg,https://latahcountyhistory.sfo3.digitaloceanspaces.com/moscow/thumbs/01-03-627_th.jpg
01-03-628,,https://latahcountyhistory.sfo3.digitaloceanspaces.com/moscow/01-03-628.jpg,https://latahcountyhistory.sfo3.digitaloceanspaces.com/moscow/small/01-03-628_sm.jpg,https://latahcountyhistory.sfo3.digitaloceanspaces.com/moscow/thumbs/01-03-628_th.jpg
01-03-631,,https://latahcountyhistory.sfo3.digitaloceanspaces.com/moscow/01-03-631.jpg,https://latahcountyhistory.sfo3.digitaloceanspaces.com/moscow/small/01-03-631_sm.jpg,https://latahcountyhistory.sfo3.digitaloceanspaces.com/moscow/thumbs/01-03-631_th.jpg
01-03-632,,https://latahcountyhistory.sfo3.digitaloceanspaces.com/moscow/01-03-632.jpg,https://latahcountyhistory.sfo3.digitaloceanspaces.com/moscow/small/01-03-632_sm.jpg,https://latahcountyhistory.sfo3.digitaloceanspaces.com/moscow/thumbs/01-03-632_th.jpg
01-03-633,,https://latahcountyhistory.sfo3.digitaloceanspaces.com/moscow/01-03-633.jpg,https://latahcountyhistory.sfo3.digitaloceanspaces.com/moscow/small/01-03-633_sm.jpg,https://latahcountyhistory.sfo3.digitaloceanspaces.com/moscow/thumbs/01-03-633_th.jpg
01-03-635,,https://latahcountyhistory.sfo3.digitaloceanspaces.com/moscow/01-03-635.jpg,https://latahcountyhistory.sfo3.digitaloceanspaces.com/moscow/small/01-03-635_sm.jpg,https://latahcountyhistory.sfo3.digitaloceanspaces.com/moscow/thumbs/01-03-635_th.jpg
01-03-636,,https://latahcountyhistory.sfo3.digitaloceanspaces.com/moscow/01-03-636.jpg,https://latahcountyhistory.sfo3.digitaloceanspaces.com/moscow/small/01-03-636_sm.jpg,https://latahcountyhistory.sfo3.digitaloceanspaces.com/moscow/thumbs/01-03-636_th.jpg
01-03-637,,https://latahcountyhistory.sfo3.digitaloceanspaces.com/moscow/01-03-637.jpg,https://latahcountyhistory.sfo3.digitaloceanspaces.com/moscow/small/01-03-637_sm.jpg,https://latahcountyhistory.sfo3.digitaloceanspaces.com/moscow/thumbs/01-03-637_th.jpg
01-03-638,,https://latahcountyhistory.sfo3.digitaloceanspaces.com/moscow/01-03-638.jpg,https://latahcountyhistory.sfo3.digitaloceanspaces.com/moscow/small/01-03-638_sm.jpg,https://latahcountyhistory.sfo3.digitaloceanspaces.com/moscow/thumbs/01-03-638_th.jpg
01-03-640,,https://latahcountyhistory.sfo3.digitaloceanspaces.com/moscow/01-03-640.jpg,https://latahcountyhistory.sfo3.digitaloceanspaces.com/moscow/small/01-03-640_sm.jpg,https://latahcountyhistory.sfo3.digitaloceanspaces.com/moscow/thumbs/01-03-640_th.jpg
01-03-641,,https://latahcountyhistory.sfo3.digitaloceanspaces.com/moscow/01-03-641.jpg,https://latahcountyhistory.sfo3.digitaloceanspaces.com/moscow/small/01-03-641_sm.jpg,https://latahcountyhistory.sfo3.digitaloceanspaces.com/moscow/thumbs/01-03-641_th.jpg
01-03-642,,https://latahcountyhistory.sfo3.digitaloceanspaces.com/moscow/01-03-642.jpg,https://latahcountyhistory.sfo3.digitaloceanspaces.com/moscow/small/01-03-642_sm.jpg,https://latahcountyhistory.sfo3.digitaloceanspaces.com/moscow/thumbs/01-03-642_th.jpg
01-03-643,,https://latahcountyhistory.sfo3.digitaloceanspaces.com/moscow/01-03-643.jpg,https://latahcountyhistory.sfo3.digitaloceanspaces.com/moscow/small/01-03-643_sm.jpg,https://latahcountyhistory.sfo3.digitaloceanspaces.com/moscow/thumbs/01-03-643_th.jpg
01-03-645,,https://latahcountyhistory.sfo3.digitaloceanspaces.com/moscow/01-03-645.jpg,https://latahcountyhistory.sfo3.digitaloceanspaces.com/moscow/small/01-03-645_sm.jpg,https://latahcountyhistory.sfo3.digitaloceanspaces.com/moscow/thumbs/01-03-645_th.jpg
01-03-647,,https://latahcountyhistory.sfo3.digitaloceanspaces.com/moscow/01-03-647.jpg,https://latahcountyhistory.sfo3.digitaloceanspaces.com/moscow/small/01-03-647_sm.jpg,https://latahcountyhistory.sfo3.digitaloceanspaces.com/moscow/thumbs/01-03-647_th.jpg
01-03-656,,https://latahcountyhistory.sfo3.digitaloceanspaces.com/moscow/01-03-656.jpg,https://latahcountyhistory.sfo3.digitaloceanspaces.com/moscow/small/01-03-656_sm.jpg,https://latahcountyhistory.sfo3.digitaloceanspaces.com/moscow/thumbs/01-03-656_th.jpg
01-03-657,,https://latahcountyhistory.sfo3.digitaloceanspaces.com/moscow/01-03-657.jpg,https://latahcountyhistory.sfo3.digitaloceanspaces.com/moscow/small/01-03-657_sm.jpg,https://latahcountyhistory.sfo3.digitaloceanspaces.com/moscow/thumbs/01-03-657_th.jpg
01-03-658,,https://latahcountyhistory.sfo3.digitaloceanspaces.com/moscow/01-03-658.jpg,https://latahcountyhistory.sfo3.digitaloceanspaces.com/moscow/small/01-03-658_sm.jpg,https://latahcountyhistory.sfo3.digitaloceanspaces.com/moscow/thumbs/01-03-658_th.jpg
01-03-659,,https://latahcountyhistory.sfo3.digitaloceanspaces.com/moscow/01-03-659.jpg,https://latahcountyhistory.sfo3.digitaloceanspaces.com/moscow/small/01-03-659_sm.jpg,https://latahcountyhistory.sfo3.digitaloceanspaces.com/moscow/thumbs/01-03-659_th.jpg
01-03-670,,https://latahcountyhistory.sfo3.digitaloceanspaces.com/moscow/01-03-670.jpg,https://latahcountyhistory.sfo3.digitaloceanspaces.com/moscow/small/01-03-670_sm.jpg,https://latahcountyhistory.sfo3.digitaloceanspaces.com/moscow/thumbs/01-03-670_th.jpg
01-03-671,,https://latahcountyhistory.sfo3.digitaloceanspaces.com/moscow/01-03-671.jpg,https://latahcountyhistory.sfo3.digitaloceanspaces.com/moscow/small/01-03-671_sm.jpg,https://latahcountyhistory.sfo3.digitaloceanspaces.com/moscow/thumbs/01-03-671_th.jpg
01-03-672,,https://latahcountyhistory.sfo3.digitaloceanspaces.com/moscow/01-03-672.jpg,https://latahcountyhistory.sfo3.digitaloceanspaces.com/moscow/small/01-03-672_sm.jpg,https://latahcountyhistory.sfo3.digitaloceanspaces.com/moscow/thumbs/01-03-672_th.jpg
01-03-673,,https://latahcountyhistory.sfo3.digitaloceanspaces.com/moscow/01-03-673.jpg,https://latahcountyhistory.sfo3.digitaloceanspaces.com/moscow/small/01-03-673_sm.jpg,https://latahcountyhistory.sfo3.digitaloceanspaces.com/moscow/thumbs/01-03-673_th.jpg
01-03-674,,https://latahcountyhistory.sfo3.digitaloceanspaces.com/moscow/01-03-674.jpg,https://latahcountyhistory.sfo3.digitaloceanspaces.com/moscow/small/01-03-674_sm.jpg,https://latahcountyhistory.sfo3.digitaloceanspaces.com/moscow/thumbs/01-03-674_th.jpg
01-03-675,,https://latahcountyhistory.sfo3.digitaloceanspaces.com/moscow/01-03-675.jpg,https://latahcountyhistory.sfo3.digitaloceanspaces.com/moscow/small/01-03-675_sm.jpg,https://latahcountyhistory.sfo3.digitaloceanspaces.com/moscow/thumbs/01-03-675_th.jpg
01-03-676,,https://latahcountyhistory.sfo3.digitaloceanspaces.com/moscow/01-03-676.jpg,https://latahcountyhistory.sfo3.digitaloceanspaces.com/moscow/small/01-03-676_sm.jpg,https://latahcountyhistory.sfo3.digitaloceanspaces.com/moscow/thumbs/01-03-676_th.jpg
01-03-677,,https://latahcountyhistory.sfo3.digitaloceanspaces.com/moscow/01-03-677.jpg,https://latahcountyhistory.sfo3.digitaloceanspaces.com/moscow/small/01-03-677_sm.jpg,https://latahcountyhistory.sfo3.digitaloceanspaces.com/moscow/thumbs/01-03-677_th.jpg
01-03-678,,https://latahcountyhistory.sfo3.digitaloceanspaces.com/moscow/01-03-678.jpg,https://latahcountyhistory.sfo3.digitaloceanspaces.com/moscow/small/01-03-678_sm.jpg,https://latahcountyhistory.sfo3.digitaloceanspaces.com/moscow/thumbs/01-03-678_th.jpg
01-03-679,,https://latahcountyhistory.sfo3.digitaloceanspaces.com/moscow/01-03-679.jpg,https://latahcountyhistory.sfo3.digitaloceanspaces.com/moscow/small/01-03-679_sm.jpg,https://latahcountyhistory.sfo3.digitaloceanspaces.com/moscow/thumbs/01-03-679_th.jpg
01-03-680,,https://latahcountyhistory.sfo3.digitaloceanspaces.com/moscow/01-03-680.jpg,https://latahcountyhistory.sfo3.digitaloceanspaces.com/moscow/small/01-03-680_sm.jpg,https://latahcountyhistory.sfo3.digitaloceanspaces.com/moscow/thumbs/01-03-680_th.jpg
01-03-682,,https://latahcountyhistory.sfo3.digitaloceanspaces.com/moscow/01-03-682.jpg,https://latahcountyhistory.sfo3.digitaloceanspaces.com/moscow/small/01-03-682_sm.jpg,https://latahcountyhistory.sfo3.digitaloceanspaces.com/moscow/thumbs/01-03-682_th.jpg
01-03-683,,https://latahcountyhistory.sfo3.digitaloceanspaces.com/moscow/01-03-683.jpg,https://latahcountyhistory.sfo3.digitaloceanspaces.com/moscow/small/01-03-683_sm.jpg,https://latahcountyhistory.sfo3.digitaloceanspaces.com/moscow/thumbs/01-03-683_th.jpg
01-03-684,,https://latahcountyhistory.sfo3.digitaloceanspaces.com/moscow/01-03-684.jpg,https://latahcountyhistory.sfo3.digitaloceanspaces.com/moscow/small/01-03-684_sm.jpg,https://latahcountyhistory.sfo3.digitaloceanspaces.com/moscow/thumbs/01-03-684_th.jpg
01-03-686,,https://latahcountyhistory.sfo3.digitaloceanspaces.com/moscow/01-03-686.jpg,https://latahcountyhistory.sfo3.digitaloceanspaces.com/moscow/small/01-03-686_sm.jpg,https://latahcountyhistory.sfo3.digitaloceanspaces.com/moscow/thumbs/01-03-686_th.jpg
01-03-687,,https://latahcountyhistory.sfo3.digitaloceanspaces.com/moscow/01-03-687.jpg,https://latahcountyhistory.sfo3.digitaloceanspaces.com/moscow/small/01-03-687_sm.jpg,https://latahcountyhistory.sfo3.digitaloceanspaces.com/moscow/thumbs/01-03-687_th.jpg
01-03-689,,https://latahcountyhistory.sfo3.digitaloceanspaces.com/moscow/01-03-689.jpg,https://latahcountyhistory.sfo3.digitaloceanspaces.com/moscow/small/01-03-689_sm.jpg,https://latahcountyhistory.sfo3.digitaloceanspaces.com/moscow/thumbs/01-03-689_th.jpg
01-03-690,,https://latahcountyhistory.sfo3.digitaloceanspaces.com/moscow/01-03-690.jpg,https://latahcountyhistory.sfo3.digitaloceanspaces.com/moscow/small/01-03-690_sm.jpg,https://latahcountyhistory.sfo3.digitaloceanspaces.com/moscow/thumbs/01-03-690_th.jpg
01-03-691,,https://latahcountyhistory.sfo3.digitaloceanspaces.com/moscow/01-03-691.jpg,https://latahcountyhistory.sfo3.digitaloceanspaces.com/moscow/small/01-03-691_sm.jpg,https://latahcountyhistory.sfo3.digitaloceanspaces.com/moscow/thumbs/01-03-691_th.jpg
01-03-694,,https://latahcountyhistory.sfo3.digitaloceanspaces.com/moscow/01-03-694.jpg,https://latahcountyhistory.sfo3.digitaloceanspaces.com/moscow/small/01-03-694_sm.jpg,https://latahcountyhistory.sfo3.digitaloceanspaces.com/moscow/thumbs/01-03-694_th.jpg
01-03-695,,https://latahcountyhistory.sfo3.digitaloceanspaces.com/moscow/01-03-695.jpg,https://latahcountyhistory.sfo3.digitaloceanspaces.com/moscow/small/01-03-695_sm.jpg,https://latahcountyhistory.sfo3.digitaloceanspaces.com/moscow/thumbs/01-03-695_th.jpg
01-03-698,,https://latahcountyhistory.sfo3.digitaloceanspaces.com/moscow/01-03-698.jpg,https://latahcountyhistory.sfo3.digitaloceanspaces.com/moscow/small/01-03-698_sm.jpg,https://latahcountyhistory.sfo3.digitaloceanspaces.com/moscow/thumbs/01-03-698_th.jpg
01-03-699,,https://latahcountyhistory.sfo3.digitaloceanspaces.com/moscow/01-03-699.jpg,https://latahcountyhistory.sfo3.digitaloceanspaces.com/moscow/small/01-03-699_sm.jpg,https://latahcountyhistory.sfo3.digitaloceanspaces.com/moscow/thumbs/01-03-699_th.jpg
01-03-700,,https://latahcountyhistory.sfo3.digitaloceanspaces.com/moscow/01-03-700.jpg,https://latahcountyhistory.sfo3.digitaloceanspaces.com/moscow/small/01-03-700_sm.jpg,https://latahcountyhistory.sfo3.digitaloceanspaces.com/moscow/thumbs/01-03-700_th.jpg
01-03-701,,https://latahcountyhistory.sfo3.digitaloceanspaces.com/moscow/01-03-701.jpg,https://latahcountyhistory.sfo3.digitaloceanspaces.com/moscow/small/01-03-701_sm.jpg,https://latahcountyhistory.sfo3.digitaloceanspaces.com/moscow/thumbs/01-03-701_th.jpg
01-03-702,,https://latahcountyhistory.sfo3.digitaloceanspaces.com/moscow/01-03-702.jpg,https://latahcountyhistory.sfo3.digitaloceanspaces.com/moscow/small/01-03-702_sm.jpg,https://latahcountyhistory.sfo3.digitaloceanspaces.com/moscow/thumbs/01-03-702_th.jpg
01-03-703,,https://latahcountyhistory.sfo3.digitaloceanspaces.com/moscow/01-03-703.jpg,https://latahcountyhistory.sfo3.digitaloceanspaces.com/moscow/small/01-03-703_sm.jpg,https://latahcountyhistory.sfo3.digitaloceanspaces.com/moscow/thumbs/01-03-703_th.jpg
01-03-704,,https://latahcountyhistory.sfo3.digitaloceanspaces.com/moscow/01-03-704.jpg,https://latahcountyhistory.sfo3.digitaloceanspaces.com/moscow/small/01-03-704_sm.jpg,https://latahcountyhistory.sfo3.digitaloceanspaces.com/moscow/thumbs/01-03-704_th.jpg
01-03-705,,https://latahcountyhistory.sfo3.digitaloceanspaces.com/moscow/01-03-705.jpg,https://latahcountyhistory.sfo3.digitaloceanspaces.com/moscow/small/01-03-705_sm.jpg,https://latahcountyhistory.sfo3.digitaloceanspaces.com/moscow/thumbs/01-03-705_th.jpg
01-03-709,,https://latahcountyhistory.sfo3.digitaloceanspaces.com/moscow/01-03-709.jpg,https://latahcountyhistory.sfo3.digitaloceanspaces.com/moscow/small/01-03-709_sm.jpg,https://latahcountyhistory.sfo3.digitaloceanspaces.com/moscow/thumbs/01-03-709_th.jpg
01-03-710,,https://latahcountyhistory.sfo3.digitaloceanspaces.com/moscow/01-03-710.jpg,https://latahcountyhistory.sfo3.digitaloceanspaces.com/moscow/small/01-03-710_sm.jpg,https://latahcountyhistory.sfo3.digitaloceanspaces.com/moscow/thumbs/01-03-710_th.jpg
01-03-711,,https://latahcountyhistory.sfo3.digitaloceanspaces.com/moscow/01-03-711.jpg,https://latahcountyhistory.sfo3.digitaloceanspaces.com/moscow/small/01-03-711_sm.jpg,https://latahcountyhistory.sfo3.digitaloceanspaces.com/moscow/thumbs/01-03-711_th.jpg
01-03-712,,https://latahcountyhistory.sfo3.digitaloceanspaces.com/moscow/01-03-712.jpg,https://latahcountyhistory.sfo3.digitaloceanspaces.com/moscow/small/01-03-712_sm.jpg,https://latahcountyhistory.sfo3.digitaloceanspaces.com/moscow/thumbs/01-03-712_th.jpg
01-03-713,,https://latahcountyhistory.sfo3.digitaloceanspaces.com/moscow/01-03-713.jpg,https://latahcountyhistory.sfo3.digitaloceanspaces.com/moscow/small/01-03-713_sm.jpg,https://latahcountyhistory.sfo3.digitaloceanspaces.com/moscow/thumbs/01-03-713_th.jpg
01-03-715,,https://latahcountyhistory.sfo3.digitaloceanspaces.com/moscow/01-03-715.jpg,https://latahcountyhistory.sfo3.digitaloceanspaces.com/moscow/small/01-03-715_sm.jpg,https://latahcountyhistory.sfo3.digitaloceanspaces.com/moscow/thumbs/01-03-715_th.jpg
01-03-721,,https://latahcountyhistory.sfo3.digitaloceanspaces.com/moscow/01-03-721.jpg,https://latahcountyhistory.sfo3.digitaloceanspaces.com/moscow/small/01-03-721_sm.jpg,https://latahcountyhistory.sfo3.digitaloceanspaces.com/moscow/thumbs/01-03-721_th.jpg
01-03-722,,https://latahcountyhistory.sfo3.digitaloceanspaces.com/moscow/01-03-722.jpg,https://latahcountyhistory.sfo3.digitaloceanspaces.com/moscow/small/01-03-722_sm.jpg,https://latahcountyhistory.sfo3.digitaloceanspaces.com/moscow/thumbs/01-03-722_th.jpg
01-03-724,,https://latahcountyhistory.sfo3.digitaloceanspaces.com/moscow/01-03-724.jpg,https://latahcountyhistory.sfo3.digitaloceanspaces.com/moscow/small/01-03-724_sm.jpg,https://latahcountyhistory.sfo3.digitaloceanspaces.com/moscow/thumbs/01-03-724_th.jpg
01-03-725,,https://latahcountyhistory.sfo3.digitaloceanspaces.com/moscow/01-03-725.jpg,https://latahcountyhistory.sfo3.digitaloceanspaces.com/moscow/small/01-03-725_sm.jpg,https://latahcountyhistory.sfo3.digitaloceanspaces.com/moscow/thumbs/01-03-725_th.jpg
01-03-726,,https://latahcountyhistory.sfo3.digitaloceanspaces.com/moscow/01-03-726.jpg,https://latahcountyhistory.sfo3.digitaloceanspaces.com/moscow/small/01-03-726_sm.jpg,https://latahcountyhistory.sfo3.digitaloceanspaces.com/moscow/thumbs/01-03-726_th.jpg
01-03-729,,https://latahcountyhistory.sfo3.digitaloceanspaces.com/moscow/01-03-729.jpg,https://latahcountyhistory.sfo3.digitaloceanspaces.com/moscow/small/01-03-729_sm.jpg,https://latahcountyhistory.sfo3.digitaloceanspaces.com/moscow/thumbs/01-03-729_th.jpg
01-03-730,,https://latahcountyhistory.sfo3.digitaloceanspaces.com/moscow/01-03-730.jpg,https://latahcountyhistory.sfo3.digitaloceanspaces.com/moscow/small/01-03-730_sm.jpg,https://latahcountyhistory.sfo3.digitaloceanspaces.com/moscow/thumbs/01-03-730_th.jpg
01-03-731,,https://latahcountyhistory.sfo3.digitaloceanspaces.com/moscow/01-03-731.jpg,https://latahcountyhistory.sfo3.digitaloceanspaces.com/moscow/small/01-03-731_sm.jpg,https://latahcountyhistory.sfo3.digitaloceanspaces.com/moscow/thumbs/01-03-731_th.jpg
01-03-734,,https://latahcountyhistory.sfo3.digitaloceanspaces.com/moscow/01-03-734.jpg,https://latahcountyhistory.sfo3.digitaloceanspaces.com/moscow/small/01-03-734_sm.jpg,https://latahcountyhistory.sfo3.digitaloceanspaces.com/moscow/thumbs/01-03-734_th.jpg
01-03-736,,https://latahcountyhistory.sfo3.digitaloceanspaces.com/moscow/01-03-736.jpg,https://latahcountyhistory.sfo3.digitaloceanspaces.com/moscow/small/01-03-736_sm.jpg,https://latahcountyhistory.sfo3.digitaloceanspaces.com/moscow/thumbs/01-03-736_th.jpg
01-03-737,,https://latahcountyhistory.sfo3.digitaloceanspaces.com/moscow/01-03-737.jpg,https://latahcountyhistory.sfo3.digitaloceanspaces.com/moscow/small/01-03-737_sm.jpg,https://latahcountyhistory.sfo3.digitaloceanspaces.com/moscow/thumbs/01-03-737_th.jpg
01-03-738,,https://latahcountyhistory.sfo3.digitaloceanspaces.com/moscow/01-03-738.jpg,https://latahcountyhistory.sfo3.digitaloceanspaces.com/moscow/small/01-03-738_sm.jpg,https://latahcountyhistory.sfo3.digitaloceanspaces.com/moscow/thumbs/01-03-738_th.jpg
01-03-740,,https://latahcountyhistory.sfo3.digitaloceanspaces.com/moscow/01-03-740.jpg,https://latahcountyhistory.sfo3.digitaloceanspaces.com/moscow/small/01-03-740_sm.jpg,https://latahcountyhistory.sfo3.digitaloceanspaces.com/moscow/thumbs/01-03-740_th.jpg
01-03-742,,https://latahcountyhistory.sfo3.digitaloceanspaces.com/moscow/01-03-742.jpg,https://latahcountyhistory.sfo3.digitaloceanspaces.com/moscow/small/01-03-742_sm.jpg,https://latahcountyhistory.sfo3.digitaloceanspaces.com/moscow/thumbs/01-03-742_th.jpg
01-04-016-2,,https://latahcountyhistory.sfo3.digitaloceanspaces.com/moscow/01-04-016-2.jpg,https://latahcountyhistory.sfo3.digitaloceanspaces.com/moscow/small/01-04-016-2_sm.jpg,https://latahcountyhistory.sfo3.digitaloceanspaces.com/moscow/thumbs/01-04-016-2_th.jpg
object_list.csv,,https://latahcountyhistory.sfo3.digitaloceanspaces.com/moscow/object_list.csv,,
